c,Recorded Date,What is your major?,Please select where you lived in before coming to Virginia Tech:,Please select your favorite hobby of the choices provided:,"Have you heard the song ""Creep"" by ""Radiohead""","Do you like the song ""Creep"" by ""Radiohead""","Have you heard the song ""All of Me"" by ""John Legend""","Do you like the song ""All of Me"" by ""John Legend""","Have you heard the song ""My Heart Will Go On"" by ""Celine Dion""","Do you like the song ""My Heart Will Go On"" by ""Celine Dion"""
1,3/14/2018 9:14,Other,Outside of United States,music,Yes,Yes,Yes,Yes,Yes,Yes
2,3/14/2018 9:14,Other,Outside of United States,music,Yes,Yes,Yes,Yes,Yes,Yes
3,3/14/2018 9:14,Other,Outside of United States,music,Yes,Yes,Yes,Yes,Yes,Yes
4,3/14/2018 9:14,Other,Outside of United States,music,Yes,Yes,Yes,Yes,Yes,Yes
5,3/14/2018 9:14,Other,Outside of United States,music,Yes,Yes,Yes,Yes,Yes,Yes
6,3/14/2018 9:14,Other,Outside of United States,music,Yes,Yes,Yes,Yes,Yes,Yes
7,3/14/2018 9:14,Other,Outside of United States,music,Yes,Yes,Yes,Yes,Yes,Yes
8,3/14/2018 9:14,Other,Outside of United States,reading,Yes,Yes,Yes,Yes,Yes,Yes
9,3/14/2018 9:14,Other,Outside of United States,reading,Yes,Yes,Yes,Yes,Yes,Yes
10,3/14/2018 9:14,Other,Outside of United States,reading,Yes,Yes,Yes,Yes,Yes,Yes
11,3/14/2018 9:14,Other,Outside of United States,reading,Yes,Yes,Yes,Yes,Yes,Yes
12,3/14/2018 9:14,Other,Outside of United States,reading,Yes,Yes,Yes,Yes,Yes,Yes
13,3/14/2018 9:14,Other,Outside of United States,reading,Yes,Yes,Yes,Yes,Yes,Yes
14,3/14/2018 9:14,Other,Outside of United States,reading,Yes,Yes,Yes,Yes,Yes,Yes
15,3/14/2018 9:14,Other,Outside of United States,sport,Yes,Yes,Yes,Yes,Yes,Yes
16,3/14/2018 9:14,Other,Outside of United States,sport,Yes,Yes,Yes,Yes,Yes,Yes
17,3/14/2018 9:14,Other,Outside of United States,sport,Yes,Yes,Yes,Yes,Yes,Yes
18,3/14/2018 9:14,Other,Outside of United States,sport,Yes,Yes,Yes,Yes,Yes,Yes
19,3/14/2018 9:14,Other,Outside of United States,sport,Yes,Yes,Yes,Yes,Yes,Yes
20,3/14/2018 9:14,Other,Outside of United States,sport,Yes,Yes,Yes,Yes,Yes,Yes
21,3/14/2018 9:14,Other,Outside of United States,sport,Yes,Yes,Yes,Yes,Yes,Yes
22,3/14/2018 9:14,Other,Outside of United States,art,Yes,Yes,Yes,Yes,Yes,Yes
23,3/14/2018 9:14,Other,Outside of United States,art,Yes,Yes,Yes,Yes,Yes,Yes
24,3/14/2018 9:14,Other,Outside of United States,art,Yes,Yes,Yes,Yes,Yes,Yes
25,3/14/2018 9:14,Other,Outside of United States,art,Yes,Yes,Yes,Yes,Yes,Yes
26,3/14/2018 9:14,Other,Outside of United States,art,Yes,Yes,Yes,Yes,Yes,Yes
27,3/14/2018 9:14,Other,Outside of United States,art,Yes,Yes,Yes,Yes,Yes,Yes
28,3/14/2018 9:14,Other,Outside of United States,art,Yes,Yes,Yes,Yes,Yes,Yes
29,3/14/2018 9:14,Computer Science,Outside of United States,music,Yes,Yes,Yes,Yes,Yes,Yes
30,3/14/2018 9:14,Computer Science,Outside of United States,music,Yes,Yes,Yes,Yes,Yes,Yes
31,3/14/2018 9:14,Computer Science,Outside of United States,music,Yes,Yes,Yes,Yes,Yes,Yes
32,3/14/2018 9:14,Computer Science,Outside of United States,music,Yes,Yes,Yes,Yes,Yes,Yes
33,3/14/2018 9:14,Computer Science,Outside of United States,music,Yes,Yes,Yes,Yes,Yes,Yes
34,3/14/2018 9:14,Computer Science,Outside of United States,music,Yes,Yes,Yes,Yes,Yes,Yes
35,3/14/2018 9:14,Computer Science,Outside of United States,music,Yes,Yes,Yes,Yes,Yes,Yes
36,3/14/2018 9:14,Computer Science,Outside of United States,reading,Yes,Yes,Yes,Yes,Yes,Yes
37,3/14/2018 9:14,Computer Science,Outside of United States,reading,Yes,Yes,Yes,Yes,Yes,Yes
38,3/14/2018 9:14,Computer Science,Outside of United States,reading,Yes,Yes,Yes,Yes,Yes,Yes
39,3/14/2018 9:14,Computer Science,Outside of United States,reading,Yes,Yes,Yes,Yes,Yes,Yes
40,3/14/2018 9:14,Computer Science,Outside of United States,reading,Yes,Yes,Yes,Yes,Yes,Yes
41,3/14/2018 9:14,Computer Science,Outside of United States,reading,Yes,Yes,Yes,Yes,Yes,Yes
42,3/14/2018 9:14,Computer Science,Outside of United States,reading,Yes,Yes,Yes,Yes,Yes,Yes
43,3/14/2018 9:14,Computer Science,Outside of United States,sport,Yes,Yes,Yes,Yes,Yes,Yes
44,3/14/2018 9:14,Computer Science,Outside of United States,sport,Yes,Yes,Yes,Yes,Yes,Yes
45,3/14/2018 9:14,Computer Science,Outside of United States,sport,Yes,Yes,Yes,Yes,Yes,Yes
46,3/14/2018 9:14,Computer Science,Outside of United States,sport,Yes,Yes,Yes,Yes,Yes,Yes
47,3/14/2018 9:14,Computer Science,Outside of United States,sport,Yes,Yes,Yes,Yes,Yes,Yes
48,3/14/2018 9:14,Computer Science,Outside of United States,sport,Yes,Yes,Yes,Yes,Yes,Yes
49,3/14/2018 9:14,Computer Science,Outside of United States,sport,Yes,Yes,Yes,Yes,Yes,Yes
50,3/14/2018 9:14,Computer Science,Outside of United States,art,Yes,Yes,Yes,Yes,Yes,Yes
51,3/14/2018 9:14,Computer Science,Outside of United States,art,Yes,Yes,Yes,Yes,Yes,Yes
52,3/14/2018 9:14,Computer Science,Outside of United States,art,Yes,Yes,Yes,Yes,Yes,Yes
53,3/14/2018 9:14,Computer Science,Outside of United States,art,Yes,Yes,Yes,Yes,Yes,Yes
54,3/14/2018 9:14,Computer Science,Outside of United States,art,Yes,Yes,Yes,Yes,Yes,Yes
55,3/14/2018 9:14,Computer Science,Outside of United States,art,Yes,Yes,Yes,Yes,Yes,Yes
56,3/14/2018 9:14,Computer Science,Outside of United States,art,Yes,Yes,Yes,Yes,Yes,Yes
57,3/14/2018 9:14,Other Engineering,Outside of United States,music,Yes,Yes,Yes,Yes,Yes,Yes
58,3/14/2018 9:14,Other Engineering,Outside of United States,music,Yes,Yes,Yes,Yes,Yes,Yes
59,3/14/2018 9:14,Other Engineering,Outside of United States,music,Yes,Yes,Yes,Yes,Yes,Yes
60,3/14/2018 9:14,Other Engineering,Outside of United States,music,Yes,Yes,Yes,Yes,Yes,Yes
61,3/14/2018 9:14,Other Engineering,Outside of United States,music,Yes,Yes,Yes,Yes,Yes,Yes
62,3/14/2018 9:14,Other Engineering,Outside of United States,music,Yes,Yes,Yes,Yes,Yes,Yes
63,3/14/2018 9:14,Other Engineering,Outside of United States,music,Yes,Yes,Yes,Yes,Yes,Yes
64,3/14/2018 9:14,Other Engineering,Outside of United States,reading,Yes,Yes,Yes,Yes,Yes,Yes
65,3/14/2018 9:14,Other Engineering,Outside of United States,reading,Yes,Yes,Yes,Yes,Yes,Yes
66,3/14/2018 9:14,Other Engineering,Outside of United States,reading,Yes,Yes,Yes,Yes,Yes,Yes
67,3/14/2018 9:14,Other Engineering,Outside of United States,reading,Yes,Yes,Yes,Yes,Yes,Yes
68,3/14/2018 9:14,Other Engineering,Outside of United States,reading,Yes,Yes,Yes,Yes,Yes,Yes
69,3/14/2018 9:14,Other Engineering,Outside of United States,reading,Yes,Yes,Yes,Yes,Yes,Yes
70,3/14/2018 9:14,Other Engineering,Outside of United States,reading,Yes,Yes,Yes,Yes,Yes,Yes
71,3/14/2018 9:14,Other Engineering,Outside of United States,sport,Yes,Yes,Yes,Yes,Yes,Yes
72,3/14/2018 9:14,Other Engineering,Outside of United States,sport,Yes,Yes,Yes,Yes,Yes,Yes
73,3/14/2018 9:14,Other Engineering,Outside of United States,sport,Yes,Yes,Yes,Yes,Yes,Yes
74,3/14/2018 9:14,Other Engineering,Outside of United States,sport,Yes,Yes,Yes,Yes,Yes,Yes
75,3/14/2018 9:14,Other Engineering,Outside of United States,sport,Yes,Yes,Yes,Yes,Yes,Yes
76,3/14/2018 9:14,Other Engineering,Outside of United States,sport,Yes,Yes,Yes,Yes,Yes,Yes
77,3/14/2018 9:14,Other Engineering,Outside of United States,sport,Yes,Yes,Yes,Yes,Yes,Yes
78,3/14/2018 9:14,Other Engineering,Outside of United States,art,Yes,Yes,Yes,Yes,Yes,Yes
79,3/14/2018 9:14,Other Engineering,Outside of United States,art,Yes,Yes,Yes,Yes,Yes,Yes
80,3/14/2018 9:14,Other Engineering,Outside of United States,art,Yes,Yes,Yes,Yes,Yes,Yes
81,3/14/2018 9:14,Other Engineering,Outside of United States,art,Yes,Yes,Yes,Yes,Yes,Yes
82,3/14/2018 9:14,Other Engineering,Outside of United States,art,Yes,Yes,Yes,Yes,Yes,Yes
83,3/14/2018 9:14,Other Engineering,Outside of United States,art,Yes,Yes,Yes,Yes,Yes,Yes
84,3/14/2018 9:14,Other Engineering,Outside of United States,art,Yes,Yes,Yes,Yes,Yes,Yes
85,3/14/2018 9:14,Math or CMDA,Outside of United States,music,Yes,Yes,Yes,Yes,Yes,Yes
86,3/14/2018 9:14,Math or CMDA,Outside of United States,music,Yes,Yes,Yes,Yes,Yes,Yes
87,3/14/2018 9:14,Math or CMDA,Outside of United States,music,Yes,Yes,Yes,Yes,Yes,Yes
88,3/14/2018 9:14,Math or CMDA,Outside of United States,music,Yes,Yes,Yes,Yes,Yes,Yes
89,3/14/2018 9:14,Math or CMDA,Outside of United States,music,Yes,Yes,Yes,Yes,Yes,Yes
90,3/14/2018 9:14,Math or CMDA,Outside of United States,music,Yes,Yes,Yes,Yes,Yes,Yes
91,3/14/2018 9:14,Math or CMDA,Outside of United States,music,Yes,Yes,Yes,Yes,Yes,Yes
92,3/14/2018 9:14,Math or CMDA,Outside of United States,reading,Yes,Yes,Yes,Yes,Yes,Yes
93,3/14/2018 9:14,Math or CMDA,Outside of United States,reading,Yes,Yes,Yes,Yes,Yes,Yes
94,3/14/2018 9:14,Math or CMDA,Outside of United States,reading,Yes,Yes,Yes,Yes,Yes,Yes
95,3/14/2018 9:14,Math or CMDA,Outside of United States,reading,Yes,Yes,Yes,Yes,Yes,Yes
96,3/14/2018 9:14,Math or CMDA,Outside of United States,reading,Yes,Yes,Yes,Yes,Yes,Yes
97,3/14/2018 9:14,Math or CMDA,Outside of United States,reading,Yes,Yes,Yes,Yes,Yes,Yes
98,3/14/2018 9:14,Math or CMDA,Outside of United States,reading,Yes,Yes,Yes,Yes,Yes,Yes
99,3/14/2018 9:14,Math or CMDA,Outside of United States,sport,Yes,Yes,Yes,Yes,Yes,Yes
100,3/14/2018 9:14,Math or CMDA,Outside of United States,sport,Yes,Yes,Yes,Yes,Yes,Yes
101,3/14/2018 9:14,Math or CMDA,Outside of United States,sport,Yes,Yes,Yes,Yes,Yes,Yes
102,3/14/2018 9:14,Math or CMDA,Outside of United States,sport,Yes,Yes,Yes,Yes,Yes,Yes
103,3/14/2018 9:14,Math or CMDA,Outside of United States,sport,Yes,Yes,Yes,Yes,Yes,Yes
104,3/14/2018 9:14,Math or CMDA,Outside of United States,sport,Yes,Yes,Yes,Yes,Yes,Yes
105,3/14/2018 9:14,Math or CMDA,Outside of United States,sport,Yes,Yes,Yes,Yes,Yes,Yes
106,3/14/2018 9:14,Math or CMDA,Outside of United States,art,Yes,Yes,Yes,Yes,Yes,Yes
107,3/14/2018 9:14,Math or CMDA,Outside of United States,art,Yes,Yes,Yes,Yes,Yes,Yes
108,3/14/2018 9:14,Math or CMDA,Outside of United States,art,Yes,Yes,Yes,Yes,Yes,Yes
109,3/14/2018 9:14,Math or CMDA,Outside of United States,art,Yes,Yes,Yes,Yes,Yes,Yes
110,3/14/2018 9:14,Math or CMDA,Outside of United States,art,Yes,Yes,Yes,Yes,Yes,Yes
111,3/14/2018 9:14,Math or CMDA,Outside of United States,art,Yes,Yes,Yes,Yes,Yes,Yes
112,3/14/2018 9:14,Math or CMDA,Outside of United States,art,Yes,Yes,Yes,Yes,Yes,Yes
113,3/14/2018 9:14,Other,Yesrtheast,music,Yes,Yes,Yes,Yes,Yes,Yes
114,3/14/2018 9:14,Other,Yesrtheast,music,Yes,Yes,Yes,Yes,Yes,Yes
115,3/14/2018 9:14,Other,Yesrtheast,music,Yes,Yes,Yes,Yes,Yes,Yes
116,3/14/2018 9:14,Other,Yesrtheast,music,Yes,Yes,Yes,Yes,Yes,Yes
117,3/14/2018 9:14,Other,Yesrtheast,music,Yes,Yes,Yes,Yes,Yes,Yes
118,3/14/2018 9:14,Other,Yesrtheast,music,Yes,Yes,Yes,Yes,Yes,Yes
119,3/14/2018 9:14,Other,Yesrtheast,music,Yes,Yes,Yes,Yes,Yes,Yes
120,3/14/2018 9:14,Other,Yesrtheast,reading,Yes,Yes,Yes,Yes,Yes,Yes
121,3/14/2018 9:14,Other,Yesrtheast,reading,Yes,Yes,Yes,Yes,Yes,Yes
122,3/14/2018 9:14,Other,Yesrtheast,reading,Yes,Yes,Yes,Yes,Yes,Yes
123,3/14/2018 9:14,Other,Yesrtheast,reading,Yes,Yes,Yes,Yes,Yes,Yes
124,3/14/2018 9:14,Other,Yesrtheast,reading,Yes,Yes,Yes,Yes,Yes,Yes
125,3/14/2018 9:14,Other,Yesrtheast,reading,Yes,Yes,Yes,Yes,Yes,Yes
126,3/14/2018 9:14,Other,Yesrtheast,reading,Yes,Yes,Yes,Yes,Yes,Yes
127,3/14/2018 9:14,Other,Yesrtheast,sport,Yes,Yes,Yes,Yes,Yes,Yes
128,3/14/2018 9:14,Other,Yesrtheast,sport,Yes,Yes,Yes,Yes,Yes,Yes
129,3/14/2018 9:14,Other,Yesrtheast,sport,Yes,Yes,Yes,Yes,Yes,Yes
130,3/14/2018 9:14,Other,Yesrtheast,sport,Yes,Yes,Yes,Yes,Yes,Yes
131,3/14/2018 9:14,Other,Yesrtheast,sport,Yes,Yes,Yes,Yes,Yes,Yes
132,3/14/2018 9:14,Other,Yesrtheast,sport,Yes,Yes,Yes,Yes,Yes,Yes
133,3/14/2018 9:14,Other,Yesrtheast,sport,Yes,Yes,Yes,Yes,Yes,Yes
134,3/14/2018 9:14,Other,Yesrtheast,art,Yes,Yes,Yes,Yes,Yes,Yes
135,3/14/2018 9:14,Other,Yesrtheast,art,Yes,Yes,Yes,Yes,Yes,Yes
136,3/14/2018 9:14,Other,Yesrtheast,art,Yes,Yes,Yes,Yes,Yes,Yes
137,3/14/2018 9:14,Other,Yesrtheast,art,Yes,Yes,Yes,Yes,Yes,Yes
138,3/14/2018 9:14,Other,Yesrtheast,art,Yes,Yes,Yes,Yes,Yes,Yes
139,3/14/2018 9:14,Other,Yesrtheast,art,Yes,Yes,Yes,Yes,Yes,Yes
140,3/14/2018 9:14,Other,Yesrtheast,art,Yes,Yes,Yes,Yes,Yes,Yes
141,3/14/2018 9:14,Computer Science,Yesrtheast,music,Yes,Yes,Yes,Yes,Yes,Yes
142,3/14/2018 9:14,Computer Science,Yesrtheast,music,Yes,Yes,Yes,Yes,Yes,Yes
143,3/14/2018 9:14,Computer Science,Yesrtheast,music,Yes,Yes,Yes,Yes,Yes,Yes
144,3/14/2018 9:14,Computer Science,Yesrtheast,music,Yes,Yes,Yes,Yes,Yes,Yes
145,3/14/2018 9:14,Computer Science,Yesrtheast,music,Yes,Yes,Yes,Yes,Yes,Yes
146,3/14/2018 9:14,Computer Science,Yesrtheast,music,Yes,Yes,Yes,Yes,Yes,Yes
147,3/14/2018 9:14,Computer Science,Yesrtheast,music,Yes,Yes,Yes,Yes,Yes,Yes
148,3/14/2018 9:14,Computer Science,Yesrtheast,reading,Yes,Yes,Yes,Yes,Yes,Yes
149,3/14/2018 9:14,Computer Science,Yesrtheast,reading,Yes,Yes,Yes,Yes,Yes,Yes
150,3/14/2018 9:14,Computer Science,Yesrtheast,reading,Yes,Yes,Yes,Yes,Yes,Yes
151,3/14/2018 9:14,Computer Science,Yesrtheast,reading,Yes,Yes,Yes,Yes,Yes,Yes
152,3/14/2018 9:14,Computer Science,Yesrtheast,reading,Yes,Yes,Yes,Yes,Yes,Yes
153,3/14/2018 9:14,Computer Science,Yesrtheast,reading,Yes,Yes,Yes,Yes,Yes,Yes
154,3/14/2018 9:14,Computer Science,Yesrtheast,reading,Yes,Yes,Yes,Yes,Yes,Yes
155,3/14/2018 9:14,Computer Science,Yesrtheast,sport,Yes,Yes,Yes,Yes,Yes,Yes
156,3/14/2018 9:14,Computer Science,Yesrtheast,sport,Yes,Yes,Yes,Yes,Yes,Yes
157,3/14/2018 9:14,Computer Science,Yesrtheast,sport,Yes,Yes,Yes,Yes,Yes,Yes
158,3/14/2018 9:14,Computer Science,Yesrtheast,sport,Yes,Yes,Yes,Yes,Yes,Yes
159,3/14/2018 9:14,Computer Science,Yesrtheast,sport,Yes,Yes,Yes,Yes,Yes,Yes
160,3/14/2018 9:14,Computer Science,Yesrtheast,sport,Yes,Yes,Yes,Yes,Yes,Yes
161,3/14/2018 9:14,Computer Science,Yesrtheast,sport,Yes,Yes,Yes,Yes,Yes,Yes
162,3/14/2018 9:14,Computer Science,Yesrtheast,art,Yes,Yes,Yes,Yes,Yes,Yes
163,3/14/2018 9:14,Computer Science,Yesrtheast,art,Yes,Yes,Yes,Yes,Yes,Yes
164,3/14/2018 9:14,Computer Science,Yesrtheast,art,Yes,Yes,Yes,Yes,Yes,Yes
165,3/14/2018 9:14,Computer Science,Yesrtheast,art,Yes,Yes,Yes,Yes,Yes,Yes
166,3/14/2018 9:14,Computer Science,Yesrtheast,art,Yes,Yes,Yes,Yes,Yes,Yes
167,3/14/2018 9:14,Computer Science,Yesrtheast,art,Yes,Yes,Yes,Yes,Yes,Yes
168,3/14/2018 9:14,Computer Science,Yesrtheast,art,Yes,Yes,Yes,Yes,Yes,Yes
169,3/14/2018 9:14,Other Engineering,Yesrtheast,music,Yes,Yes,Yes,Yes,Yes,Yes
170,3/14/2018 9:14,Other Engineering,Yesrtheast,music,Yes,Yes,Yes,Yes,Yes,Yes
171,3/14/2018 9:14,Other Engineering,Yesrtheast,music,Yes,Yes,Yes,Yes,Yes,Yes
172,3/14/2018 9:14,Other Engineering,Yesrtheast,music,Yes,Yes,Yes,Yes,Yes,Yes
173,3/14/2018 9:14,Other Engineering,Yesrtheast,music,Yes,Yes,Yes,Yes,Yes,Yes
174,3/14/2018 9:14,Other Engineering,Yesrtheast,music,Yes,Yes,Yes,Yes,Yes,Yes
175,3/14/2018 9:14,Other Engineering,Yesrtheast,music,Yes,Yes,Yes,Yes,Yes,Yes
176,3/14/2018 9:14,Other Engineering,Yesrtheast,reading,Yes,Yes,Yes,Yes,Yes,Yes
177,3/14/2018 9:14,Other Engineering,Yesrtheast,reading,Yes,Yes,Yes,Yes,Yes,Yes
178,3/14/2018 9:14,Other Engineering,Yesrtheast,reading,Yes,Yes,Yes,Yes,Yes,Yes
179,3/14/2018 9:14,Other Engineering,Yesrtheast,reading,Yes,Yes,Yes,Yes,Yes,Yes
180,3/14/2018 9:14,Other Engineering,Yesrtheast,reading,Yes,Yes,Yes,Yes,Yes,Yes
181,3/14/2018 9:14,Other Engineering,Yesrtheast,reading,Yes,Yes,Yes,Yes,Yes,Yes
182,3/14/2018 9:14,Other Engineering,Yesrtheast,reading,Yes,Yes,Yes,Yes,Yes,Yes
183,3/14/2018 9:14,Other Engineering,Yesrtheast,sport,Yes,Yes,Yes,Yes,Yes,Yes
184,3/14/2018 9:14,Other Engineering,Yesrtheast,sport,Yes,Yes,Yes,Yes,Yes,Yes
185,3/14/2018 9:14,Other Engineering,Yesrtheast,sport,Yes,Yes,Yes,Yes,Yes,Yes
186,3/14/2018 9:14,Other Engineering,Yesrtheast,sport,Yes,Yes,Yes,Yes,Yes,Yes
187,3/14/2018 9:14,Other Engineering,Yesrtheast,sport,Yes,Yes,Yes,Yes,Yes,Yes
188,3/14/2018 9:14,Other Engineering,Yesrtheast,sport,Yes,Yes,Yes,Yes,Yes,Yes
189,3/14/2018 9:14,Other Engineering,Yesrtheast,sport,Yes,Yes,Yes,Yes,Yes,Yes
190,3/14/2018 9:14,Other Engineering,Yesrtheast,art,Yes,Yes,Yes,Yes,Yes,Yes
191,3/14/2018 9:14,Other Engineering,Yesrtheast,art,Yes,Yes,Yes,Yes,Yes,Yes
192,3/14/2018 9:14,Other Engineering,Yesrtheast,art,Yes,Yes,Yes,Yes,Yes,Yes
193,3/14/2018 9:14,Other Engineering,Yesrtheast,art,Yes,Yes,Yes,Yes,Yes,Yes
194,3/14/2018 9:14,Other Engineering,Yesrtheast,art,Yes,Yes,Yes,Yes,Yes,Yes
195,3/14/2018 9:14,Other Engineering,Yesrtheast,art,Yes,Yes,Yes,Yes,Yes,Yes
196,3/14/2018 9:14,Other Engineering,Yesrtheast,art,Yes,Yes,Yes,Yes,Yes,Yes
197,3/14/2018 9:14,Math or CMDA,Yesrtheast,music,Yes,Yes,Yes,Yes,Yes,Yes
198,3/14/2018 9:14,Math or CMDA,Yesrtheast,music,Yes,Yes,Yes,Yes,Yes,Yes
199,3/14/2018 9:14,Math or CMDA,Yesrtheast,music,Yes,Yes,Yes,Yes,Yes,Yes
200,3/14/2018 9:14,Math or CMDA,Yesrtheast,music,Yes,Yes,Yes,Yes,Yes,Yes
201,3/14/2018 9:14,Math or CMDA,Yesrtheast,music,Yes,Yes,Yes,Yes,Yes,Yes
202,3/14/2018 9:14,Math or CMDA,Yesrtheast,music,Yes,Yes,Yes,Yes,Yes,Yes
203,3/14/2018 9:14,Math or CMDA,Yesrtheast,music,Yes,Yes,Yes,Yes,Yes,Yes
204,3/14/2018 9:14,Math or CMDA,Yesrtheast,reading,Yes,Yes,Yes,Yes,Yes,Yes
205,3/14/2018 9:14,Math or CMDA,Yesrtheast,reading,Yes,Yes,Yes,Yes,Yes,Yes
206,3/14/2018 9:14,Math or CMDA,Yesrtheast,reading,Yes,Yes,Yes,Yes,Yes,Yes
207,3/14/2018 9:14,Math or CMDA,Yesrtheast,reading,Yes,Yes,Yes,Yes,Yes,Yes
208,3/14/2018 9:14,Math or CMDA,Yesrtheast,reading,Yes,Yes,Yes,Yes,Yes,Yes
209,3/14/2018 9:14,Math or CMDA,Yesrtheast,reading,Yes,Yes,Yes,Yes,Yes,Yes
210,3/14/2018 9:14,Math or CMDA,Yesrtheast,reading,Yes,Yes,Yes,Yes,Yes,Yes
211,3/14/2018 9:14,Math or CMDA,Yesrtheast,sport,Yes,Yes,Yes,Yes,Yes,Yes
212,3/14/2018 9:14,Math or CMDA,Yesrtheast,sport,Yes,Yes,Yes,Yes,Yes,Yes
213,3/14/2018 9:14,Math or CMDA,Yesrtheast,sport,Yes,Yes,Yes,Yes,Yes,Yes
214,3/14/2018 9:14,Math or CMDA,Yesrtheast,sport,Yes,Yes,Yes,Yes,Yes,Yes
215,3/14/2018 9:14,Math or CMDA,Yesrtheast,sport,Yes,Yes,Yes,Yes,Yes,Yes
216,3/14/2018 9:14,Math or CMDA,Yesrtheast,sport,Yes,Yes,Yes,Yes,Yes,Yes
217,3/14/2018 9:14,Math or CMDA,Yesrtheast,sport,Yes,Yes,Yes,Yes,Yes,Yes
218,3/14/2018 9:14,Math or CMDA,Yesrtheast,art,Yes,Yes,Yes,Yes,Yes,Yes
219,3/14/2018 9:14,Math or CMDA,Yesrtheast,art,Yes,Yes,Yes,Yes,Yes,Yes
220,3/14/2018 9:14,Math or CMDA,Yesrtheast,art,Yes,Yes,Yes,Yes,Yes,Yes
221,3/14/2018 9:14,Math or CMDA,Yesrtheast,art,Yes,Yes,Yes,Yes,Yes,Yes
222,3/14/2018 9:14,Math or CMDA,Yesrtheast,art,Yes,Yes,Yes,Yes,Yes,Yes
223,3/14/2018 9:14,Math or CMDA,Yesrtheast,art,Yes,Yes,Yes,Yes,Yes,Yes
224,3/14/2018 9:14,Math or CMDA,Yesrtheast,art,Yes,Yes,Yes,Yes,Yes,Yes
225,3/14/2018 9:14,Other,Southeast,music,Yes,Yes,Yes,Yes,Yes,Yes
226,3/14/2018 9:14,Other,Southeast,music,Yes,Yes,Yes,Yes,Yes,Yes
227,3/14/2018 9:14,Other,Southeast,music,Yes,Yes,Yes,Yes,Yes,Yes
228,3/14/2018 9:14,Other,Southeast,music,Yes,Yes,Yes,Yes,Yes,Yes
229,3/14/2018 9:14,Other,Southeast,music,Yes,Yes,Yes,Yes,Yes,Yes
230,3/14/2018 9:14,Other,Southeast,music,Yes,Yes,Yes,Yes,Yes,Yes
231,3/14/2018 9:14,Other,Southeast,music,Yes,Yes,Yes,Yes,Yes,Yes
232,3/14/2018 9:14,Other,Southeast,reading,Yes,Yes,Yes,Yes,Yes,Yes
233,3/14/2018 9:14,Other,Southeast,reading,Yes,Yes,Yes,Yes,Yes,Yes
234,3/14/2018 9:14,Other,Southeast,reading,Yes,Yes,Yes,Yes,Yes,Yes
235,3/14/2018 9:14,Other,Southeast,reading,Yes,Yes,Yes,Yes,Yes,Yes
236,3/14/2018 9:14,Other,Southeast,reading,Yes,Yes,Yes,Yes,Yes,Yes
237,3/14/2018 9:14,Other,Southeast,reading,Yes,Yes,Yes,Yes,Yes,Yes
238,3/14/2018 9:14,Other,Southeast,reading,Yes,Yes,Yes,Yes,Yes,Yes
239,3/14/2018 9:14,Other,Southeast,sport,Yes,Yes,Yes,Yes,Yes,Yes
240,3/14/2018 9:14,Other,Southeast,sport,Yes,Yes,Yes,Yes,Yes,Yes
241,3/14/2018 9:14,Other,Southeast,sport,Yes,Yes,Yes,Yes,Yes,Yes
242,3/14/2018 9:14,Other,Southeast,sport,Yes,Yes,Yes,Yes,Yes,Yes
243,3/14/2018 9:14,Other,Southeast,sport,Yes,Yes,Yes,Yes,Yes,Yes
244,3/14/2018 9:14,Other,Southeast,sport,Yes,Yes,Yes,Yes,Yes,Yes
245,3/14/2018 9:14,Other,Southeast,sport,Yes,Yes,Yes,Yes,Yes,Yes
246,3/14/2018 9:14,Other,Southeast,art,Yes,Yes,Yes,Yes,Yes,Yes
247,3/14/2018 9:14,Other,Southeast,art,Yes,Yes,Yes,Yes,Yes,Yes
248,3/14/2018 9:14,Other,Southeast,art,Yes,Yes,Yes,Yes,Yes,Yes
249,3/14/2018 9:14,Other,Southeast,art,Yes,Yes,Yes,Yes,Yes,Yes
250,3/14/2018 9:14,Other,Southeast,art,Yes,Yes,Yes,Yes,Yes,Yes
251,3/14/2018 9:14,Other,Southeast,art,Yes,Yes,Yes,Yes,Yes,Yes
252,3/14/2018 9:14,Other,Southeast,art,Yes,Yes,Yes,Yes,Yes,Yes
253,3/14/2018 9:14,Computer Science,Southeast,music,Yes,Yes,Yes,Yes,Yes,Yes
254,3/14/2018 9:14,Computer Science,Southeast,music,Yes,Yes,Yes,Yes,Yes,Yes
255,3/14/2018 9:14,Computer Science,Southeast,music,Yes,Yes,Yes,Yes,Yes,Yes
256,3/14/2018 9:14,Computer Science,Southeast,music,Yes,Yes,Yes,Yes,Yes,Yes
257,3/14/2018 9:14,Computer Science,Southeast,music,Yes,Yes,Yes,Yes,Yes,Yes
258,3/14/2018 9:14,Computer Science,Southeast,music,Yes,Yes,Yes,Yes,Yes,Yes
259,3/14/2018 9:14,Computer Science,Southeast,music,Yes,Yes,Yes,Yes,Yes,Yes
260,3/14/2018 9:14,Computer Science,Southeast,reading,Yes,Yes,Yes,Yes,Yes,Yes
261,3/14/2018 9:14,Computer Science,Southeast,reading,Yes,Yes,Yes,Yes,Yes,Yes
262,3/14/2018 9:14,Computer Science,Southeast,reading,Yes,Yes,Yes,Yes,Yes,Yes
263,3/14/2018 9:14,Computer Science,Southeast,reading,Yes,Yes,Yes,Yes,Yes,Yes
264,3/14/2018 9:14,Computer Science,Southeast,reading,Yes,Yes,Yes,Yes,Yes,Yes
265,3/14/2018 9:14,Computer Science,Southeast,reading,Yes,Yes,Yes,Yes,Yes,Yes
266,3/14/2018 9:14,Computer Science,Southeast,reading,Yes,Yes,Yes,Yes,Yes,Yes
267,3/14/2018 9:14,Computer Science,Southeast,sport,Yes,Yes,Yes,Yes,Yes,Yes
268,3/14/2018 9:14,Computer Science,Southeast,sport,Yes,Yes,Yes,Yes,Yes,Yes
269,3/14/2018 9:14,Computer Science,Southeast,sport,Yes,Yes,Yes,Yes,Yes,Yes
270,3/14/2018 9:14,Computer Science,Southeast,sport,Yes,Yes,Yes,Yes,Yes,Yes
271,3/14/2018 9:14,Computer Science,Southeast,sport,Yes,Yes,Yes,Yes,Yes,Yes
272,3/14/2018 9:14,Computer Science,Southeast,sport,Yes,Yes,Yes,Yes,Yes,Yes
273,3/14/2018 9:14,Computer Science,Southeast,sport,Yes,Yes,Yes,Yes,Yes,Yes
274,3/14/2018 9:14,Computer Science,Southeast,art,Yes,Yes,Yes,Yes,Yes,Yes
275,3/14/2018 9:14,Computer Science,Southeast,art,Yes,Yes,Yes,Yes,Yes,Yes
276,3/14/2018 9:14,Computer Science,Southeast,art,Yes,Yes,Yes,Yes,Yes,Yes
277,3/14/2018 9:14,Computer Science,Southeast,art,Yes,Yes,Yes,Yes,Yes,Yes
278,3/14/2018 9:14,Computer Science,Southeast,art,Yes,Yes,Yes,Yes,Yes,Yes
279,3/14/2018 9:14,Computer Science,Southeast,art,Yes,Yes,Yes,Yes,Yes,Yes
280,3/14/2018 9:14,Computer Science,Southeast,art,Yes,Yes,Yes,Yes,Yes,Yes
281,3/14/2018 9:14,Other Engineering,Southeast,music,Yes,Yes,Yes,Yes,Yes,Yes
282,3/14/2018 9:14,Other Engineering,Southeast,music,Yes,Yes,Yes,Yes,Yes,Yes
283,3/14/2018 9:14,Other Engineering,Southeast,music,Yes,Yes,Yes,Yes,Yes,Yes
284,3/14/2018 9:14,Other Engineering,Southeast,music,Yes,Yes,Yes,Yes,Yes,Yes
285,3/14/2018 9:14,Other Engineering,Southeast,music,Yes,Yes,Yes,Yes,Yes,Yes
286,3/14/2018 9:14,Other Engineering,Southeast,music,Yes,Yes,Yes,Yes,Yes,Yes
287,3/14/2018 9:14,Other Engineering,Southeast,music,Yes,Yes,Yes,Yes,Yes,Yes
288,3/14/2018 9:14,Other Engineering,Southeast,reading,Yes,Yes,Yes,Yes,Yes,Yes
289,3/14/2018 9:14,Other Engineering,Southeast,reading,Yes,Yes,Yes,Yes,Yes,Yes
290,3/14/2018 9:14,Other Engineering,Southeast,reading,Yes,Yes,Yes,Yes,Yes,Yes
291,3/14/2018 9:14,Other Engineering,Southeast,reading,Yes,Yes,Yes,Yes,Yes,Yes
292,3/14/2018 9:14,Other Engineering,Southeast,reading,Yes,Yes,Yes,Yes,Yes,Yes
293,3/14/2018 9:14,Other Engineering,Southeast,reading,Yes,Yes,Yes,Yes,Yes,Yes
294,3/14/2018 9:14,Other Engineering,Southeast,reading,Yes,Yes,Yes,Yes,Yes,Yes
295,3/14/2018 9:14,Other Engineering,Southeast,sport,Yes,Yes,Yes,Yes,Yes,Yes
296,3/14/2018 9:14,Other Engineering,Southeast,sport,Yes,Yes,Yes,Yes,Yes,Yes
297,3/14/2018 9:14,Other Engineering,Southeast,sport,Yes,Yes,Yes,Yes,Yes,Yes
298,3/14/2018 9:14,Other Engineering,Southeast,sport,Yes,Yes,Yes,Yes,Yes,Yes
299,3/14/2018 9:14,Other Engineering,Southeast,sport,Yes,Yes,Yes,Yes,Yes,Yes
300,3/14/2018 9:14,Other Engineering,Southeast,sport,Yes,Yes,Yes,Yes,Yes,Yes
301,3/14/2018 9:14,Other Engineering,Southeast,sport,Yes,Yes,Yes,Yes,Yes,Yes
302,3/14/2018 9:14,Other Engineering,Southeast,art,Yes,Yes,Yes,Yes,Yes,Yes
303,3/14/2018 9:14,Other Engineering,Southeast,art,Yes,Yes,Yes,Yes,Yes,Yes
304,3/14/2018 9:14,Other Engineering,Southeast,art,Yes,Yes,Yes,Yes,Yes,Yes
305,3/14/2018 9:14,Other Engineering,Southeast,art,Yes,Yes,Yes,Yes,Yes,Yes
306,3/14/2018 9:14,Other Engineering,Southeast,art,Yes,Yes,Yes,Yes,Yes,Yes
307,3/14/2018 9:14,Other Engineering,Southeast,art,Yes,Yes,Yes,Yes,Yes,Yes
308,3/14/2018 9:14,Other Engineering,Southeast,art,Yes,Yes,Yes,Yes,Yes,Yes
309,3/14/2018 9:14,Math or CMDA,Southeast,music,Yes,Yes,Yes,Yes,Yes,Yes
310,3/14/2018 9:14,Math or CMDA,Southeast,music,Yes,Yes,Yes,Yes,Yes,Yes
311,3/14/2018 9:14,Math or CMDA,Southeast,music,Yes,Yes,Yes,Yes,Yes,Yes
312,3/14/2018 9:14,Math or CMDA,Southeast,music,Yes,Yes,Yes,Yes,Yes,Yes
313,3/14/2018 9:14,Math or CMDA,Southeast,music,Yes,Yes,Yes,Yes,Yes,Yes
314,3/14/2018 9:14,Math or CMDA,Southeast,music,Yes,Yes,Yes,Yes,Yes,Yes
315,3/14/2018 9:14,Math or CMDA,Southeast,music,Yes,Yes,Yes,Yes,Yes,Yes
316,3/14/2018 9:14,Math or CMDA,Southeast,reading,Yes,Yes,Yes,Yes,Yes,Yes
317,3/14/2018 9:14,Math or CMDA,Southeast,reading,Yes,Yes,Yes,Yes,Yes,Yes
318,3/14/2018 9:14,Math or CMDA,Southeast,reading,Yes,Yes,Yes,Yes,Yes,Yes
319,3/14/2018 9:14,Math or CMDA,Southeast,reading,Yes,Yes,Yes,Yes,Yes,Yes
320,3/14/2018 9:14,Math or CMDA,Southeast,reading,Yes,Yes,Yes,Yes,Yes,Yes
321,3/14/2018 9:14,Math or CMDA,Southeast,reading,Yes,Yes,Yes,Yes,Yes,Yes
322,3/14/2018 9:14,Math or CMDA,Southeast,reading,Yes,Yes,Yes,Yes,Yes,Yes
323,3/14/2018 9:14,Math or CMDA,Southeast,sport,Yes,Yes,Yes,Yes,Yes,Yes
324,3/14/2018 9:14,Math or CMDA,Southeast,sport,Yes,Yes,Yes,Yes,Yes,Yes
325,3/14/2018 9:14,Math or CMDA,Southeast,sport,Yes,Yes,Yes,Yes,Yes,Yes
326,3/14/2018 9:14,Math or CMDA,Southeast,sport,Yes,Yes,Yes,Yes,Yes,Yes
327,3/14/2018 9:14,Math or CMDA,Southeast,sport,Yes,Yes,Yes,Yes,Yes,Yes
328,3/14/2018 9:14,Math or CMDA,Southeast,sport,Yes,Yes,Yes,Yes,Yes,Yes
329,3/14/2018 9:14,Math or CMDA,Southeast,sport,Yes,Yes,Yes,Yes,Yes,Yes
330,3/14/2018 9:14,Math or CMDA,Southeast,art,Yes,Yes,Yes,Yes,Yes,Yes
331,3/14/2018 9:14,Math or CMDA,Southeast,art,Yes,Yes,Yes,Yes,Yes,Yes
332,3/14/2018 9:14,Math or CMDA,Southeast,art,Yes,Yes,Yes,Yes,Yes,Yes
333,3/14/2018 9:14,Math or CMDA,Southeast,art,Yes,Yes,Yes,Yes,Yes,Yes
334,3/14/2018 9:14,Math or CMDA,Southeast,art,Yes,Yes,Yes,Yes,Yes,Yes
335,3/14/2018 9:14,Math or CMDA,Southeast,art,Yes,Yes,Yes,Yes,Yes,Yes
336,3/14/2018 9:14,Math or CMDA,Southeast,art,Yes,Yes,Yes,Yes,Yes,Yes
337,3/14/2018 9:14,Other,United States (other than Southeast or Yesrthwest),music,Yes,Yes,Yes,Yes,Yes,Yes
338,3/14/2018 9:14,Other,United States (other than Southeast or Yesrthwest),music,Yes,Yes,Yes,Yes,Yes,Yes
339,3/14/2018 9:14,Other,United States (other than Southeast or Yesrthwest),music,Yes,Yes,Yes,Yes,Yes,Yes
340,3/14/2018 9:14,Other,United States (other than Southeast or Yesrthwest),music,Yes,Yes,Yes,Yes,Yes,Yes
341,3/14/2018 9:14,Other,United States (other than Southeast or Yesrthwest),music,Yes,Yes,Yes,Yes,Yes,Yes
342,3/14/2018 9:14,Other,United States (other than Southeast or Yesrthwest),music,Yes,Yes,Yes,Yes,Yes,Yes
343,3/14/2018 9:14,Other,United States (other than Southeast or Yesrthwest),music,Yes,Yes,Yes,Yes,Yes,Yes
344,3/14/2018 9:14,Other,United States (other than Southeast or Yesrthwest),reading,Yes,Yes,Yes,Yes,Yes,Yes
345,3/14/2018 9:14,Other,United States (other than Southeast or Yesrthwest),reading,Yes,Yes,Yes,Yes,Yes,Yes
346,3/14/2018 9:14,Other,United States (other than Southeast or Yesrthwest),reading,Yes,Yes,Yes,Yes,Yes,Yes
347,3/14/2018 9:14,Other,United States (other than Southeast or Yesrthwest),reading,Yes,Yes,Yes,Yes,Yes,Yes
348,3/14/2018 9:14,Other,United States (other than Southeast or Yesrthwest),reading,Yes,Yes,Yes,Yes,Yes,Yes
349,3/14/2018 9:14,Other,United States (other than Southeast or Yesrthwest),reading,Yes,Yes,Yes,Yes,Yes,Yes
350,3/14/2018 9:14,Other,United States (other than Southeast or Yesrthwest),reading,Yes,Yes,Yes,Yes,Yes,Yes
351,3/14/2018 9:14,Other,United States (other than Southeast or Yesrthwest),sport,Yes,Yes,Yes,Yes,Yes,Yes
352,3/14/2018 9:14,Other,United States (other than Southeast or Yesrthwest),sport,Yes,Yes,Yes,Yes,Yes,Yes
353,3/14/2018 9:14,Other,United States (other than Southeast or Yesrthwest),sport,Yes,Yes,Yes,Yes,Yes,Yes
354,3/14/2018 9:14,Other,United States (other than Southeast or Yesrthwest),sport,Yes,Yes,Yes,Yes,Yes,Yes
355,3/14/2018 9:14,Other,United States (other than Southeast or Yesrthwest),sport,Yes,Yes,Yes,Yes,Yes,Yes
356,3/14/2018 9:14,Other,United States (other than Southeast or Yesrthwest),sport,Yes,Yes,Yes,Yes,Yes,Yes
357,3/14/2018 9:14,Other,United States (other than Southeast or Yesrthwest),sport,Yes,Yes,Yes,Yes,Yes,Yes
358,3/14/2018 9:14,Other,United States (other than Southeast or Yesrthwest),art,Yes,Yes,Yes,Yes,Yes,Yes
359,3/14/2018 9:14,Other,United States (other than Southeast or Yesrthwest),art,Yes,Yes,Yes,Yes,Yes,Yes
360,3/14/2018 9:14,Other,United States (other than Southeast or Yesrthwest),art,Yes,Yes,Yes,Yes,Yes,Yes
361,3/14/2018 9:14,Other,United States (other than Southeast or Yesrthwest),art,Yes,Yes,Yes,Yes,Yes,Yes
362,3/14/2018 9:14,Other,United States (other than Southeast or Yesrthwest),art,Yes,Yes,Yes,Yes,Yes,Yes
363,3/14/2018 9:14,Other,United States (other than Southeast or Yesrthwest),art,Yes,Yes,Yes,Yes,Yes,Yes
364,3/14/2018 9:14,Other,United States (other than Southeast or Yesrthwest),art,Yes,Yes,Yes,Yes,Yes,Yes
365,3/14/2018 9:14,Computer Science,United States (other than Southeast or Yesrthwest),music,Yes,Yes,Yes,Yes,Yes,Yes
366,3/14/2018 9:14,Computer Science,United States (other than Southeast or Yesrthwest),music,Yes,Yes,Yes,Yes,Yes,Yes
367,3/14/2018 9:14,Computer Science,United States (other than Southeast or Yesrthwest),music,Yes,Yes,Yes,Yes,Yes,Yes
368,3/14/2018 9:14,Computer Science,United States (other than Southeast or Yesrthwest),music,Yes,Yes,Yes,Yes,Yes,Yes
369,3/14/2018 9:14,Computer Science,United States (other than Southeast or Yesrthwest),music,Yes,Yes,Yes,Yes,Yes,Yes
370,3/14/2018 9:14,Computer Science,United States (other than Southeast or Yesrthwest),music,Yes,Yes,Yes,Yes,Yes,Yes
371,3/14/2018 9:14,Computer Science,United States (other than Southeast or Yesrthwest),music,Yes,Yes,Yes,Yes,Yes,Yes
372,3/14/2018 9:14,Computer Science,United States (other than Southeast or Yesrthwest),reading,Yes,Yes,Yes,Yes,Yes,Yes
373,3/14/2018 9:14,Computer Science,United States (other than Southeast or Yesrthwest),reading,Yes,Yes,Yes,Yes,Yes,Yes
374,3/14/2018 9:14,Computer Science,United States (other than Southeast or Yesrthwest),reading,Yes,Yes,Yes,Yes,Yes,Yes
375,3/14/2018 9:14,Computer Science,United States (other than Southeast or Yesrthwest),reading,Yes,Yes,Yes,Yes,Yes,Yes
376,3/14/2018 9:14,Computer Science,United States (other than Southeast or Yesrthwest),reading,Yes,Yes,Yes,Yes,Yes,Yes
377,3/14/2018 9:14,Computer Science,United States (other than Southeast or Yesrthwest),reading,Yes,Yes,Yes,Yes,Yes,Yes
378,3/14/2018 9:14,Computer Science,United States (other than Southeast or Yesrthwest),reading,Yes,Yes,Yes,Yes,Yes,Yes
379,3/14/2018 9:14,Computer Science,United States (other than Southeast or Yesrthwest),sport,Yes,Yes,Yes,Yes,Yes,Yes
380,3/14/2018 9:14,Computer Science,United States (other than Southeast or Yesrthwest),sport,Yes,Yes,Yes,Yes,Yes,Yes
381,3/14/2018 9:14,Computer Science,United States (other than Southeast or Yesrthwest),sport,Yes,Yes,Yes,Yes,Yes,Yes
382,3/14/2018 9:14,Computer Science,United States (other than Southeast or Yesrthwest),sport,Yes,Yes,Yes,Yes,Yes,Yes
383,3/14/2018 9:14,Computer Science,United States (other than Southeast or Yesrthwest),sport,Yes,Yes,Yes,Yes,Yes,Yes
384,3/14/2018 9:14,Computer Science,United States (other than Southeast or Yesrthwest),sport,Yes,Yes,Yes,Yes,Yes,Yes
385,3/14/2018 9:14,Computer Science,United States (other than Southeast or Yesrthwest),sport,Yes,Yes,Yes,Yes,Yes,Yes
386,3/14/2018 9:14,Computer Science,United States (other than Southeast or Yesrthwest),art,Yes,Yes,Yes,Yes,Yes,Yes
387,3/14/2018 9:14,Computer Science,United States (other than Southeast or Yesrthwest),art,Yes,Yes,Yes,Yes,Yes,Yes
388,3/14/2018 9:14,Computer Science,United States (other than Southeast or Yesrthwest),art,Yes,Yes,Yes,Yes,Yes,Yes
389,3/14/2018 9:14,Computer Science,United States (other than Southeast or Yesrthwest),art,Yes,Yes,Yes,Yes,Yes,Yes
390,3/14/2018 9:14,Computer Science,United States (other than Southeast or Yesrthwest),art,Yes,Yes,Yes,Yes,Yes,Yes
391,3/14/2018 9:14,Computer Science,United States (other than Southeast or Yesrthwest),art,Yes,Yes,Yes,Yes,Yes,Yes
392,3/14/2018 9:14,Computer Science,United States (other than Southeast or Yesrthwest),art,Yes,Yes,Yes,Yes,Yes,Yes
393,3/14/2018 9:14,Other Engineering,United States (other than Southeast or Yesrthwest),music,Yes,Yes,Yes,Yes,Yes,Yes
394,3/14/2018 9:14,Other Engineering,United States (other than Southeast or Yesrthwest),music,Yes,Yes,Yes,Yes,Yes,Yes
395,3/14/2018 9:14,Other Engineering,United States (other than Southeast or Yesrthwest),music,Yes,Yes,Yes,Yes,Yes,Yes
396,3/14/2018 9:14,Other Engineering,United States (other than Southeast or Yesrthwest),music,Yes,Yes,Yes,Yes,Yes,Yes
397,3/14/2018 9:14,Other Engineering,United States (other than Southeast or Yesrthwest),music,Yes,Yes,Yes,Yes,Yes,Yes
398,3/14/2018 9:14,Other Engineering,United States (other than Southeast or Yesrthwest),music,Yes,Yes,Yes,Yes,Yes,Yes
399,3/14/2018 9:14,Other Engineering,United States (other than Southeast or Yesrthwest),music,Yes,Yes,Yes,Yes,Yes,Yes
400,3/14/2018 9:14,Other Engineering,United States (other than Southeast or Yesrthwest),reading,Yes,Yes,Yes,Yes,Yes,Yes
401,3/14/2018 9:14,Other Engineering,United States (other than Southeast or Yesrthwest),reading,Yes,Yes,Yes,Yes,Yes,Yes
402,3/14/2018 9:14,Other Engineering,United States (other than Southeast or Yesrthwest),reading,Yes,Yes,Yes,Yes,Yes,Yes
403,3/14/2018 9:14,Other Engineering,United States (other than Southeast or Yesrthwest),reading,Yes,Yes,Yes,Yes,Yes,Yes
404,3/14/2018 9:14,Other Engineering,United States (other than Southeast or Yesrthwest),reading,Yes,Yes,Yes,Yes,Yes,Yes
405,3/14/2018 9:14,Other Engineering,United States (other than Southeast or Yesrthwest),reading,Yes,Yes,Yes,Yes,Yes,Yes
406,3/14/2018 9:14,Other Engineering,United States (other than Southeast or Yesrthwest),reading,Yes,Yes,Yes,Yes,Yes,Yes
407,3/14/2018 9:14,Other Engineering,United States (other than Southeast or Yesrthwest),sport,Yes,Yes,Yes,Yes,Yes,Yes
408,3/14/2018 9:14,Other Engineering,United States (other than Southeast or Yesrthwest),sport,Yes,Yes,Yes,Yes,Yes,Yes
409,3/14/2018 9:14,Other Engineering,United States (other than Southeast or Yesrthwest),sport,Yes,Yes,Yes,Yes,Yes,Yes
410,3/14/2018 9:14,Other Engineering,United States (other than Southeast or Yesrthwest),sport,Yes,Yes,Yes,Yes,Yes,Yes
411,3/14/2018 9:14,Other Engineering,United States (other than Southeast or Yesrthwest),sport,Yes,Yes,Yes,Yes,Yes,Yes
412,3/14/2018 9:14,Other Engineering,United States (other than Southeast or Yesrthwest),sport,Yes,Yes,Yes,Yes,Yes,Yes
413,3/14/2018 9:14,Other Engineering,United States (other than Southeast or Yesrthwest),sport,Yes,Yes,Yes,Yes,Yes,Yes
414,3/14/2018 9:14,Other Engineering,United States (other than Southeast or Yesrthwest),art,Yes,Yes,Yes,Yes,Yes,Yes
415,3/14/2018 9:14,Other Engineering,United States (other than Southeast or Yesrthwest),art,Yes,Yes,Yes,Yes,Yes,Yes
416,3/14/2018 9:14,Other Engineering,United States (other than Southeast or Yesrthwest),art,Yes,Yes,Yes,Yes,Yes,Yes
417,3/14/2018 9:14,Other Engineering,United States (other than Southeast or Yesrthwest),art,Yes,Yes,Yes,Yes,Yes,Yes
418,3/14/2018 9:14,Other Engineering,United States (other than Southeast or Yesrthwest),art,Yes,Yes,Yes,Yes,Yes,Yes
419,3/14/2018 9:14,Other Engineering,United States (other than Southeast or Yesrthwest),art,Yes,Yes,Yes,Yes,Yes,Yes
420,3/14/2018 9:14,Other Engineering,United States (other than Southeast or Yesrthwest),art,Yes,Yes,Yes,Yes,Yes,Yes
421,3/14/2018 9:14,Math or CMDA,United States (other than Southeast or Yesrthwest),music,Yes,Yes,Yes,Yes,Yes,Yes
422,3/14/2018 9:14,Math or CMDA,United States (other than Southeast or Yesrthwest),music,Yes,Yes,Yes,Yes,Yes,Yes
423,3/14/2018 9:14,Math or CMDA,United States (other than Southeast or Yesrthwest),music,Yes,Yes,Yes,Yes,Yes,Yes
424,3/14/2018 9:14,Math or CMDA,United States (other than Southeast or Yesrthwest),music,Yes,Yes,Yes,Yes,Yes,Yes
425,3/14/2018 9:14,Math or CMDA,United States (other than Southeast or Yesrthwest),music,Yes,Yes,Yes,Yes,Yes,Yes
426,3/14/2018 9:14,Math or CMDA,United States (other than Southeast or Yesrthwest),music,Yes,Yes,Yes,Yes,Yes,Yes
427,3/14/2018 9:14,Math or CMDA,United States (other than Southeast or Yesrthwest),music,Yes,Yes,Yes,Yes,Yes,Yes
428,3/14/2018 9:14,Math or CMDA,United States (other than Southeast or Yesrthwest),reading,Yes,Yes,Yes,Yes,Yes,Yes
429,3/14/2018 9:14,Math or CMDA,United States (other than Southeast or Yesrthwest),reading,Yes,Yes,Yes,Yes,Yes,Yes
430,3/14/2018 9:14,Math or CMDA,United States (other than Southeast or Yesrthwest),reading,Yes,Yes,Yes,Yes,Yes,Yes
431,3/14/2018 9:14,Math or CMDA,United States (other than Southeast or Yesrthwest),reading,Yes,Yes,Yes,Yes,Yes,Yes
432,3/14/2018 9:14,Math or CMDA,United States (other than Southeast or Yesrthwest),reading,Yes,Yes,Yes,Yes,Yes,Yes
433,3/14/2018 9:14,Math or CMDA,United States (other than Southeast or Yesrthwest),reading,Yes,Yes,Yes,Yes,Yes,Yes
434,3/14/2018 9:14,Math or CMDA,United States (other than Southeast or Yesrthwest),reading,Yes,Yes,Yes,Yes,Yes,Yes
435,3/14/2018 9:14,Math or CMDA,United States (other than Southeast or Yesrthwest),sport,Yes,Yes,Yes,Yes,Yes,Yes
436,3/14/2018 9:14,Math or CMDA,United States (other than Southeast or Yesrthwest),sport,Yes,Yes,Yes,Yes,Yes,Yes
437,3/14/2018 9:14,Math or CMDA,United States (other than Southeast or Yesrthwest),sport,Yes,Yes,Yes,Yes,Yes,Yes
438,3/14/2018 9:14,Math or CMDA,United States (other than Southeast or Yesrthwest),sport,Yes,Yes,Yes,Yes,Yes,Yes
439,3/14/2018 9:14,Math or CMDA,United States (other than Southeast or Yesrthwest),sport,Yes,Yes,Yes,Yes,Yes,Yes
440,3/14/2018 9:14,Math or CMDA,United States (other than Southeast or Yesrthwest),sport,Yes,Yes,Yes,Yes,Yes,Yes
441,3/14/2018 9:14,Math or CMDA,United States (other than Southeast or Yesrthwest),sport,Yes,Yes,Yes,Yes,Yes,Yes
442,3/14/2018 9:14,Math or CMDA,United States (other than Southeast or Yesrthwest),art,Yes,Yes,Yes,Yes,Yes,Yes
443,3/14/2018 9:14,Math or CMDA,United States (other than Southeast or Yesrthwest),art,Yes,Yes,Yes,Yes,Yes,Yes
444,3/14/2018 9:14,Math or CMDA,United States (other than Southeast or Yesrthwest),art,Yes,Yes,Yes,Yes,Yes,Yes
445,3/14/2018 9:14,Math or CMDA,United States (other than Southeast or Yesrthwest),art,Yes,Yes,Yes,Yes,Yes,Yes
446,3/14/2018 9:14,Math or CMDA,United States (other than Southeast or Yesrthwest),art,Yes,Yes,Yes,Yes,Yes,Yes
447,3/14/2018 9:14,Math or CMDA,United States (other than Southeast or Yesrthwest),art,Yes,Yes,Yes,Yes,Yes,Yes
448,3/14/2018 9:14,Math or CMDA,United States (other than Southeast or Yesrthwest),art,Yes,Yes,Yes,Yes,Yes,Yes
